{
	"easycom": {
		"^u-(.*)": "@/uview-ui/components/u-$1/u-$1.vue"
	},

	"pages": [ //pages数组中第一项表示应用启动页，参考：https://uniapp.dcloud.io/collocation/pages
		{
			"path": "pages/index/index",
			"style": {
				"navigationBarTitleText": "日历"
			}
		},
		{
			"path": "pages/community/index",
			"style": {
				"navigationBarTitleText": "社区"
			}
		},
		{
			"path": "pages/users/index",
			"style": {
				"navigationBarTitleText": "我的"
			}
		},
		{
			"path": "pages/form/index",
			"style": {
				"navigationBarTitleText": "添加记录"
			}
		},
		{
			"path": "pages/comment/index",
			"style": {
				"navigationBarTitleText": "记录板子"
			}
		}
	],

	"tabBar": {
		// "custom": true,
		"color": "#1296db",
		"selectedColor": "#707070",
		"backgroundColor": "#e6e6e6",
		// "height": "100px",
		"list": [{
				"pagePath": "pages/index/index",
				"iconPath": "static/home.png",
				"selectedIconPath": "./static/home2.png",
				"text": "首页"
			},
			{
				"pagePath": "pages/community/index",
				"iconPath": "static/community.png",
				"selectedIconPath": "static/community2.png",
				"text": "社区"
			},
			{
				"pagePath": "pages/users/index",
				"iconPath": "static/user.png",
				"selectedIconPath": "static/user2.png",
				"text": "我的"
			}
		]
	},

	"globalStyle": {
		"navigationBarTextStyle": "black",
		"navigationBarTitleText": "山石",
		"navigationBarBackgroundColor": "#1296db",
		"backgroundColor": "#F8F8F8"
	},
	"uniIdRouter": {}
}
